{"initial_reset_timestamp": 1565789303.9602613, "timestamps": [1565789304.4329374], "episode_lengths": [20], "episode_rewards": [20.0], "episode_types": ["t"]}