{"initial_reset_timestamp": 1565789264.9360745, "timestamps": [1565789265.3956652], "episode_lengths": [16], "episode_rewards": [16.0], "episode_types": ["t"]}