{"initial_reset_timestamp": 1565789064.8922377, "timestamps": [1565789065.3300562], "episode_lengths": [12], "episode_rewards": [12.0], "episode_types": ["t"]}