{"initial_reset_timestamp": 1565788974.0055406, "timestamps": [1565788974.4526563], "episode_lengths": [17], "episode_rewards": [17.0], "episode_types": ["t"]}