{"initial_reset_timestamp": 1565789323.0711374, "timestamps": [1565789324.4374888], "episode_lengths": [200], "episode_rewards": [200.0], "episode_types": ["t"]}