{"initial_reset_timestamp": 1565788793.8399704, "timestamps": [1565788794.313241], "episode_lengths": [13], "episode_rewards": [13.0], "episode_types": ["t"]}