{"initial_reset_timestamp": 1565788830.7023988, "timestamps": [1565788831.213514], "episode_lengths": [24], "episode_rewards": [24.0], "episode_types": ["t"]}