{"initial_reset_timestamp": 1565789284.5761094, "timestamps": [1565789285.9893653], "episode_lengths": [200], "episode_rewards": [200.0], "episode_types": ["t"]}