{"initial_reset_timestamp": 1565789125.3313923, "timestamps": [1565789125.942231], "episode_lengths": [46], "episode_rewards": [46.0], "episode_types": ["t"]}