{"initial_reset_timestamp": 1565789365.0647745, "timestamps": [1565789366.357485], "episode_lengths": [200], "episode_rewards": [200.0], "episode_types": ["t"]}