{"initial_reset_timestamp": 1565789346.0446444, "timestamps": [1565789346.5768974], "episode_lengths": [29], "episode_rewards": [29.0], "episode_types": ["t"]}