{"initial_reset_timestamp": 1565961381.0125344, "timestamps": [1565961391.8404543], "episode_lengths": [1000], "episode_rewards": [-1950.0214837421343], "episode_types": ["t"]}