{"initial_reset_timestamp": 1565964463.1035018, "timestamps": [1565964473.5256786], "episode_lengths": [1000], "episode_rewards": [881.493094592797], "episode_types": ["t"]}