{"initial_reset_timestamp": 1565958674.2839117, "timestamps": [1565958674.6077034], "episode_lengths": [17], "episode_rewards": [17.0], "episode_types": ["t"]}