{"initial_reset_timestamp": 1565958710.598655, "timestamps": [1565958717.7075467], "episode_lengths": [1000], "episode_rewards": [1000.0], "episode_types": ["t"]}