{"initial_reset_timestamp": 1565958604.7383418, "timestamps": [1565958605.081349], "episode_lengths": [18], "episode_rewards": [18.0], "episode_types": ["t"]}