{"initial_reset_timestamp": 1565958637.5944645, "timestamps": [1565958638.4978664], "episode_lengths": [108], "episode_rewards": [108.0], "episode_types": ["t"]}