{"initial_reset_timestamp": 1565961313.5473928, "timestamps": [1565961321.520959], "episode_lengths": [1000], "episode_rewards": [1082.0381157661197], "episode_types": ["t"]}