{"initial_reset_timestamp": 1565958761.850674, "timestamps": [1565958770.1819162], "episode_lengths": [1000], "episode_rewards": [-1722.9457828056788], "episode_types": ["t"]}